wakeup_variant,regime,message_size_bytes,run,throughput_gbps,avg_latency_us,stddev_us,p50_us,p95_us,p99_us,p999_us,wakeup_latency_p50_us,wakeup_latency_p99_us,wakeups_triggered,cpu_us_per_msg
io_uring_sqpoll,unknown,64,1,0.00353475,14.4181,120.907,4.929,6.388,93.327,2141.84,1058.89,1661.82,4335,0.235829
io_uring_sqpoll,unknown,64,2,0.00353166,13.5513,115.693,4.926,7.077,133.664,1983.29,1058.74,1597.31,4286,0.237665
io_uring_sqpoll,unknown,64,3,0.00355,13.1464,106.498,5.146,5.719,13.076,1596.64,1058.38,1663.76,4091,0.213837
io_uring_sqpoll,unknown,64,4,0.00354777,14.2183,132.855,5.125,5.774,14.3,2530.22,1058.46,1592.17,4109,0.217706
io_uring_sqpoll,unknown,64,5,0.00355237,11.6944,100.596,5.196,5.833,11.318,1773.73,1058.49,1503.93,4096,0.215576
io_uring_sqpoll,unknown,64,6,0.00355667,14.3468,113.343,5.142,5.727,143.051,1596.39,1058.64,1661.72,4099,0.216134
io_uring_sqpoll,unknown,64,7,0.00355303,14.4154,130.4,5.175,5.753,14.943,2525.59,1058.51,1601.33,4097,0.21727
io_uring_sqpoll,unknown,64,8,0.00354813,13.3559,117.055,5.22,5.753,11.096,2226.99,1058.34,1651.87,4093,0.214052
io_uring_sqpoll,unknown,64,9,0.00354953,12.6575,108.729,5.14,5.727,12.157,1464.53,1058.38,1655.48,4104,0.213813
io_uring_sqpoll,unknown,64,10,0.00353593,13.14,120.485,5.138,5.71,11.792,1930.64,1058.38,1673.96,4092,0.214059
io_uring_sqpoll,unknown,64,11,0.00354739,13.2255,112.961,5.168,5.736,11.984,2206.74,1058.38,1598.35,4091,0.214234
io_uring_sqpoll,unknown,64,12,0.00355699,13.3618,109.494,5.188,5.77,13.22,2200.65,1058.37,1596.07,4092,0.214672
io_uring_sqpoll,unknown,64,13,0.00356064,12.6439,105.795,5.181,5.769,12.108,1992.99,1058.36,1520.78,4092,0.21373
io_uring_sqpoll,unknown,64,14,0.00355465,12.5151,105.079,5.176,5.739,12.192,1737.24,1058.35,1529.39,4093,0.213747
io_uring_sqpoll,unknown,64,15,0.00355787,11.1228,100.515,5.103,5.678,10.239,2206.48,1058.38,1529.29,4100,0.213916
io_uring_sqpoll,unknown,256,1,0.0142243,15.4405,133.833,5.744,6.45,12.123,1659.68,1057.37,1514.11,1020,0.23718
io_uring_sqpoll,unknown,256,2,0.0141787,16.9725,151.868,5.731,6.376,11.047,2534.97,1057.37,1785.53,1021,0.237938
io_uring_sqpoll,unknown,256,3,0.0142746,9.30472,55.5728,5.702,6.339,10.56,870.075,1057.47,1071.51,1024,0.237509
io_uring_sqpoll,unknown,256,4,0.0141497,14.0733,81.4484,5.742,6.449,464.612,864.944,1057.38,1654.18,1028,0.23741
io_uring_sqpoll,unknown,256,5,0.0141339,16.4254,157.778,5.745,6.396,10.526,2997.06,1057.42,1728.69,1021,0.237902
io_uring_sqpoll,unknown,256,6,0.0142244,14.7469,133.137,5.776,6.395,10.469,1924.4,1057.4,1447.75,1023,0.238233
io_uring_sqpoll,unknown,256,7,0.0142152,15.375,128.507,5.717,6.371,192.186,2128.26,1057.37,1522.98,1023,0.237567
io_uring_sqpoll,unknown,256,8,0.0140274,18.1796,169.426,5.714,6.39,11.358,2528.06,1057.43,1990.71,1019,0.238104
io_uring_sqpoll,unknown,256,9,0.0141938,16.3357,127.517,5.733,6.411,262.086,2338.76,1057.41,1580.32,1021,0.236818
io_uring_sqpoll,unknown,256,10,0.0142742,8.71616,46.9004,5.706,6.346,10.286,724.072,1057.38,1068.63,1027,0.237733
io_uring_sqpoll,unknown,256,11,0.0142478,14.8341,93.7511,5.689,6.373,216.729,994.307,1057.41,1656.46,1024,0.236771
io_uring_sqpoll,unknown,256,12,0.0141954,15.9155,141.559,5.711,6.364,12.153,2595.06,1057.41,1646.75,1022,0.237567
io_uring_sqpoll,unknown,256,13,0.0140914,17.2345,138.838,5.714,6.39,211.275,2282.09,1057.37,1846.4,1022,0.236872
io_uring_sqpoll,unknown,256,14,0.0141816,15.079,124.878,5.714,6.356,15.636,2208.5,1057.41,1787.27,1022,0.237092
io_uring_sqpoll,unknown,256,15,0.014241,12.9531,106.057,5.696,6.337,10.836,2066.94,1057.41,1324.36,1022,0.237376
io_uring_sqpoll,unknown,1024,1,0.0572099,15.9073,72.3711,7.559,8.231,321.778,872.369,1054.79,1371.87,256,0.308039
io_uring_sqpoll,unknown,1024,2,0.0570217,17.7172,91.323,7.557,8.165,522.792,996.928,1054.75,1833.6,256,0.306966
io_uring_sqpoll,unknown,1024,3,0.0569312,22.7994,129.106,7.536,8.249,658.773,1722.26,1054.89,1749.66,255,0.307139
io_uring_sqpoll,unknown,1024,4,0.0564149,30.2357,193.563,7.535,8.293,863.08,2375.21,1054.83,1912.56,254,0.308549
io_uring_sqpoll,unknown,1024,5,0.0568322,19.8496,119.323,7.552,8.293,926.277,1374.6,1054.84,1990.28,255,0.30861
io_uring_sqpoll,unknown,1024,6,0.0568559,22.4893,144.167,7.55,8.334,727.695,1995.56,1054.84,1647.04,256,0.307092
io_uring_sqpoll,unknown,1024,7,0.056426,18.6197,178.715,7.502,8.126,14.368,2872.99,1054.85,1985.67,255,0.308567
io_uring_sqpoll,unknown,1024,8,0.0573929,9.24839,35.8923,7.492,8.151,10.591,582.334,1054.83,1065.36,256,0.310198
io_uring_sqpoll,unknown,1024,9,0.0570456,19.2864,92.5181,7.524,8.319,582.944,994.712,1054.86,1633.08,256,0.30795
io_uring_sqpoll,unknown,1024,10,0.0570055,29.0669,158.679,7.524,8.67,855.252,1587.85,1054.89,1696.04,254,0.308193
io_uring_sqpoll,unknown,1024,11,0.0564299,17.6256,120.27,7.541,8.3,108.345,1721.63,1054.81,1982.79,256,0.310554
io_uring_sqpoll,unknown,1024,12,0.0567959,24.7639,145.407,7.569,8.195,926.433,1580.33,1054.79,1973,254,0.307369
io_uring_sqpoll,unknown,1024,13,0.0562525,20.0059,187.117,7.544,8.203,16.534,2992.61,1054.86,1984.26,254,0.310599
io_uring_sqpoll,unknown,1024,14,0.0562181,25.3492,221.867,7.583,8.229,316.006,3480.74,1054.85,1851.33,255,0.308278
io_uring_sqpoll,unknown,1024,15,0.0567258,24.7504,150.388,7.568,8.343,924.69,1871.83,1054.8,1976.15,254,0.308097
io_uring_sqpoll,unknown,4096,1,0.225617,18.835,154.48,4.956,6.253,513.091,3101.41,1056.38,1653.43,510,0.468593
io_uring_sqpoll,unknown,4096,2,0.223821,14.9136,147.462,4.981,6.014,13.684,3031.01,1056.29,1732.24,510,0.467484
io_uring_sqpoll,unknown,4096,3,0.224611,13.8498,140.98,5.045,6.088,15.344,3035.99,1056.27,1810.04,510,0.468292
io_uring_sqpoll,unknown,4096,4,0.22174,20.4772,188.988,5.018,6.155,20.358,2675.92,1056.33,1966.89,508,0.46916
io_uring_sqpoll,unknown,4096,5,0.22381,21.0214,120.765,4.982,6.351,759.226,1625.05,1056.36,1968,511,0.46675
io_uring_sqpoll,unknown,4096,6,0.220895,19.1042,157.283,5.055,6.415,353.381,2757.14,1056.28,1965.46,511,0.469321
io_uring_sqpoll,unknown,4096,7,0.224488,14.1233,105.02,4.974,6.121,113.759,1989.43,1056.32,1654.16,512,0.469323
io_uring_sqpoll,unknown,4096,8,0.224485,23.1787,178.117,5.002,6.327,594.315,3085.98,1056.27,1886.74,509,0.469209
io_uring_sqpoll,unknown,4096,9,0.224521,20.4515,143.669,4.994,6.506,672.923,2695.7,1056.33,1811.66,511,0.467293
io_uring_sqpoll,unknown,4096,10,0.224537,16.6997,103.116,5.016,6.192,600.148,1549.98,1056.3,1735.88,511,0.467691
io_uring_sqpoll,unknown,4096,11,0.222911,18.9027,172.374,4.989,6.164,25.528,3052.33,1056.34,1736.32,509,0.468958
io_uring_sqpoll,unknown,4096,12,0.223538,17.7255,121.058,4.977,6.103,594.985,2015.09,1056.38,1967.11,511,0.468241
io_uring_sqpoll,unknown,4096,13,0.224924,13.7609,90.4978,4.988,6.117,108.133,1442.49,1056.3,1803.76,511,0.468552
io_uring_sqpoll,unknown,4096,14,0.219211,17.7072,179.369,5.041,6.173,188.63,3695.43,1056.27,1729.82,513,0.470056
io_uring_sqpoll,unknown,4096,15,0.224603,17.4882,115.905,4.972,6.388,593.594,1907.1,1056.3,1805.57,511,0.46913
io_uring_sqpoll,unknown,16384,1,0.883727,31.383,125.65,12.624,17.95,795.959,1010.5,1044.65,1732.92,128,1.12747
io_uring_sqpoll,unknown,16384,2,0.838768,65.3306,371.009,12.631,18.551,2895.55,2994.9,1044.78,3932.89,126,1.13009
io_uring_sqpoll,unknown,16384,3,0.885174,12.0617,3.95052,12.164,17.634,18.64,19.348,1044.74,1056.33,129,1.1385
io_uring_sqpoll,unknown,16384,4,0.861001,27.174,168.462,12.172,17.824,57.027,1928.85,1044.84,2015.22,128,1.13424
io_uring_sqpoll,unknown,16384,5,0.863007,42.2144,169.037,12.415,18.781,886.755,1234.81,1044.96,1926.06,127,1.12461
io_uring_sqpoll,unknown,16384,6,0.880278,38.5913,148.723,12.393,18.188,891.901,905.498,1044.97,1932.52,128,1.1267
io_uring_sqpoll,unknown,16384,7,0.880662,37.5573,143.006,12.315,18.239,881.178,888.888,1045.03,1921.66,128,1.13027
io_uring_sqpoll,unknown,16384,8,0.868965,35.9963,200.504,12.237,17.947,995.344,2079.66,1044.85,2119.43,127,1.12789
io_uring_sqpoll,unknown,16384,9,0.86863,38.0355,181.454,12.442,18.153,782.138,1779.73,1044.7,1819.53,127,1.12564
io_uring_sqpoll,unknown,16384,10,0.873805,36.6729,137.127,12.578,18.233,809.949,830.748,1044.84,1847.39,128,1.12814
io_uring_sqpoll,unknown,16384,11,0.862361,51.3992,261.625,12.642,18.58,788.984,2693.43,1044.63,1873.31,127,1.12399
io_uring_sqpoll,unknown,16384,12,0.877324,36.1116,136.893,12.448,18.255,787.582,996.456,1044.76,1827.89,128,1.13049
io_uring_sqpoll,unknown,16384,13,0.862848,42.9805,216.175,12.293,18.236,996.85,2105.64,1044.9,2144.87,127,1.12753
io_uring_sqpoll,unknown,16384,14,0.860676,34.0633,143.182,12.277,18.212,987.756,996.936,1044.96,1936.2,128,1.13282
io_uring_sqpoll,unknown,16384,15,0.86013,73.1566,345.969,12.775,57.959,1251.59,3460.65,1044.79,1828.59,127,1.11703
io_uring_sqpoll,unknown,65536,1,3.00144,87.075,275.027,25.759,660.105,1823.08,1852.64,1031.05,1860.02,33,3.9411
io_uring_sqpoll,unknown,65536,2,2.7225,205.876,615.485,27.75,1866.86,3049.68,3075.95,1030.82,3626.23,30,3.82193
io_uring_sqpoll,unknown,65536,3,2.94972,47.9725,155.374,23.42,48.823,716.958,1789.37,1029.64,1796.82,47,4.09402
io_uring_sqpoll,unknown,65536,4,2.92189,99.974,241.628,26.055,844.237,969.236,989.481,1030.95,2985.1,33,3.91102
io_uring_sqpoll,unknown,65536,5,2.98871,145.921,336.259,27.406,938.808,1532.64,1567.31,1031.09,2019.04,31,3.79385
io_uring_sqpoll,unknown,65536,6,3.04953,109.074,344.951,26.965,840.907,1979.57,2008.87,1030.65,2020.57,32,3.98188
io_uring_sqpoll,unknown,65536,7,2.88308,69.8428,185.148,24.919,655.745,904.297,925.042,140.937,2358.01,65,3.97741
io_uring_sqpoll,unknown,65536,8,2.7127,191.735,632.541,26.946,1410.63,3429.04,3448.72,555.729,4475.52,59,3.83366
io_uring_sqpoll,unknown,65536,9,2.93974,138.973,519.41,26.543,657.569,2980,2997.8,1030.63,3044.69,31,3.93441
io_uring_sqpoll,unknown,65536,10,2.83927,179.927,492.343,28.196,1047.98,2593.11,2602.17,1030.85,3627.64,32,4.07969
io_uring_sqpoll,unknown,65536,11,3.11703,90.5801,253.885,26.427,822.268,1286.09,1314.79,1030.67,1907.31,31,3.90382
io_uring_sqpoll,unknown,65536,12,3.03937,47.0282,153.689,24.452,34.722,1033.46,1069.79,1031.19,1950.57,33,4.05662
io_uring_sqpoll,unknown,65536,13,2.87016,208.802,406.922,29.706,1177.49,1832.19,1858.33,1031.01,3001.72,31,4.1699
io_uring_sqpoll,unknown,65536,14,2.85574,22.8753,9.08863,24.143,34.409,36.492,38.379,1030.47,3561.69,44,4.0994
io_uring_sqpoll,unknown,65536,15,2.9053,47.5445,139.421,24.383,34.799,838.652,861.385,1030.61,2718.15,37,4.05638
io_uring_sqpoll,unknown,262144,1,5.66096,599.489,980.083,21.946,3002.24,3457.54,3498.51,1058.24,4956.42,44,13.4165
io_uring_sqpoll,unknown,262144,2,5.22073,750.33,1077.02,25.675,2959.61,3550.07,3601.84,707.233,4954.49,76,14.914
io_uring_sqpoll,unknown,262144,3,5.43893,487.831,869.67,14.264,2863.68,3467.55,3503.94,12.923,3514.22,107,14.5382
io_uring_sqpoll,unknown,262144,4,5.49264,365.232,599.776,18.014,1804.25,1928.05,2994.4,13.852,3951.69,112,13.804
io_uring_sqpoll,unknown,262144,5,4.95608,517.706,899.376,15.63,2874.35,3576.99,4215.98,12.573,3058.43,135,15.3245
io_uring_sqpoll,unknown,262144,6,5.68096,491.107,820.675,17.353,2541.67,2814.9,2957.48,4.595,2838.49,143,14.0571
io_uring_sqpoll,unknown,262144,7,4.76992,617.094,1078.11,13.138,3083.32,3613.93,4833.68,14.13,3579.14,106,16.1259
io_uring_sqpoll,unknown,262144,8,5.93058,428.885,700.474,14.213,2003.32,2628.46,2679.92,14.27,3579.24,92,14.0417
io_uring_sqpoll,unknown,262144,9,5.68306,630.039,990.633,26.148,2974.94,4559.78,4603.94,17.937,3526.84,73,14.9919
io_uring_sqpoll,unknown,262144,10,5.59035,533.177,887.106,21.399,2345.23,3491.31,3543.12,18.829,3555.03,82,13.5962
io_uring_sqpoll,unknown,262144,11,5.43694,686.29,1147.76,20.279,3110.56,4559.04,4910.06,477.264,3676,80,15.8759
io_uring_sqpoll,unknown,262144,12,5.45132,421.218,839.874,11.38,2795.04,3552.55,3659.65,15.646,3737.78,98,14.2784
io_uring_sqpoll,unknown,262144,13,4.86644,751.187,1184.44,17.269,3265.19,5447.66,5639.8,18.938,4026.55,85,15.111
io_uring_sqpoll,unknown,262144,14,5.66745,559.226,920.801,19.569,2535.52,3668.97,3727.84,1054.51,3739,55,13.745
io_uring_sqpoll,unknown,262144,15,5.30459,503.204,895.377,18.196,2893.53,3216.06,4900.53,13.017,3074.49,145,15.2562
io_uring_sqpoll,unknown,1048576,1,4.38911,1179.15,1110.17,944.189,3221.09,3445.93,3622.68,44.002,3645.85,178,71.8483
io_uring_sqpoll,unknown,1048576,2,4.41527,1577.26,1593.25,1001.27,5194.21,6315.06,6321.73,45.613,3890.19,137,75.2264
io_uring_sqpoll,unknown,1048576,3,4.46666,1198.72,1015.94,1118.46,3106.07,3543.89,3575,46.042,3581.14,131,75.4795
io_uring_sqpoll,unknown,1048576,4,4.30689,1325.64,1087.12,1118.01,3325.11,4788.11,5162.54,50.161,4859.18,92,79.0886
io_uring_sqpoll,unknown,1048576,5,4.5109,1562.56,1692.53,985.303,6164.39,6923.21,6926.77,44.162,3800.8,145,77.3592
io_uring_sqpoll,unknown,1048576,6,4.4403,1250.02,1077.59,969.918,3399.76,3992,4618.1,47.775,3813.81,113,77.7759
io_uring_sqpoll,unknown,1048576,7,4.48663,1330.29,1145.03,1169.97,3339.79,3519.57,3588.61,44.056,3548.29,161,71.2916
io_uring_sqpoll,unknown,1048576,8,4.23757,1445.15,1598.17,966.67,5247.2,7400.75,7555,44.698,3686.29,158,77.0393
io_uring_sqpoll,unknown,1048576,9,4.28947,996.911,977.704,819.338,2654.26,4582.93,4802.74,44.665,3907.54,135,81.7452
io_uring_sqpoll,unknown,1048576,10,4.46773,1159.02,1032.95,1042.08,2880.7,3374.79,3754.9,43.531,3783.14,172,70.165
io_uring_sqpoll,unknown,1048576,11,4.42505,1822.82,1458.65,2007.3,3697.2,7739.51,7838.05,44.072,3587.33,137,71.3596
io_uring_sqpoll,unknown,1048576,12,4.35099,1326.18,1178.48,1365.89,3385.11,3526.78,3553.81,43.306,3697.09,167,71.2659
io_uring_sqpoll,unknown,1048576,13,4.22251,1444.28,1255.26,1264.68,3553.15,4145.98,4615.63,44.241,3732.25,139,77.2916
io_uring_sqpoll,unknown,1048576,14,4.2658,1268.88,1296.37,915.25,3250.9,6665.44,7048.54,43.432,3717.86,140,78.385
io_uring_sqpoll,unknown,1048576,15,4.4559,921.38,651.532,843.771,2287.09,2571,3540.02,50.452,4679.66,82,73.8122
